hour,call_count,calls_per_hour,lambda_per_second
6,25,25,0.006944
7,26,26,0.007222
8,27,27,0.0075
9,18,18,0.005
10,24,24,0.006667
11,26,26,0.007222
12,20,20,0.005556
13,24,24,0.006667
14,13,13,0.003611
15,14,14,0.003889
16,20,20,0.005556
17,16,16,0.004444
18,21,21,0.005833
19,25,25,0.006944
20,1,1,0.000278
